,mean_fit_time,std_fit_time,mean_score_time,std_score_time,param_n_estimators,param_min_samples_split,param_min_samples_leaf,param_max_depth,param_bootstrap,params,split0_test_score,split1_test_score,split2_test_score,split3_test_score,split4_test_score,mean_test_score,std_test_score,rank_test_score,split0_train_score,split1_train_score,split2_train_score,split3_train_score,split4_train_score,mean_train_score,std_train_score
0,1867.8013426303864,34.284947099972406,1.6595169067382813,0.04334158984812799,800,6,1,50,False,"{'n_estimators': 800, 'min_samples_split': 6, 'min_samples_leaf': 1, 'max_depth': 50, 'bootstrap': False}",-7.547957877564817,-7.483357129083902,-7.611376143150398,-7.507265598039236,-7.387860163282022,-7.507563382224075,0.07392387513729916,52,-1.9556759726272175,-2.0006916908326398,-1.9796013682299929,-2.135737150762178,-2.029927514041503,-2.020326739298706,0.0626666586918279
1,1164.991160774231,38.12431082881577,1.2034647464752197,0.035082412934203014,800,6,3,30,False,"{'n_estimators': 800, 'min_samples_split': 6, 'min_samples_leaf': 3, 'max_depth': 30, 'bootstrap': False}",-7.91829624431653,-7.6170357114710825,-7.720379487606129,-7.620284220832454,-7.607896494712989,-7.696778431787837,0.11809946282233076,76,-4.779714423289127,-4.762907330239509,-4.528399542692585,-4.725739487781261,-4.667259494927908,-4.692804055786079,0.09081188497577007
2,541.546467590332,13.720679712559951,0.6424901962280274,0.023635355184508714,400,2,1,30,True,"{'n_estimators': 400, 'min_samples_split': 2, 'min_samples_leaf': 1, 'max_depth': 30, 'bootstrap': True}",-7.023542709298923,-6.919771983401841,-6.920232914083517,-6.992488749618271,-6.94211851001611,-6.9596309732837325,0.0415017493100573,23,-4.303534065068063,-4.489460775239824,-4.336861072756807,-4.383871372363878,-4.395273218920172,-4.381800100869749,0.0631216674197837
3,1464.216082763672,9.291609763214833,1.9175049304962157,0.02934966985291637,1200,10,4,100,True,"{'n_estimators': 1200, 'min_samples_split': 10, 'min_samples_leaf': 4, 'max_depth': 100, 'bootstrap': True}",-7.096163815386386,-6.918870472892397,-7.023065131851644,-7.049139078111042,-6.9978339711716,-7.0170144938826144,0.05887844348109908,31,-4.826480631610261,-4.842706555094558,-4.849623238960006,-4.812656261917061,-4.85866287423061,-4.838025912362499,0.016487590892013328
4,1462.8871150493621,4.33104672003363,1.8782750129699708,0.022402595396521698,1200,10,4,90,True,"{'n_estimators': 1200, 'min_samples_split': 10, 'min_samples_leaf': 4, 'max_depth': 90, 'bootstrap': True}",-7.093834380833182,-6.919668029154445,-7.0228331085442575,-7.053399402320794,-6.99531209058655,-7.0170094022878455,0.05866232392943451,30,-4.823958406357766,-4.843258025350045,-4.853258647536318,-4.814805902325732,-4.8580937431043845,-4.838674944934849,0.016715779567678012
5,758.0544675827026,49.825281813190756,1.0224315166473388,0.05536195627934433,1000,10,3,20,False,"{'n_estimators': 1000, 'min_samples_split': 10, 'min_samples_leaf': 3, 'max_depth': 20, 'bootstrap': False}",-7.9545191410691505,-7.6311444552302445,-7.7090371377227775,-7.715089196799343,-7.853403409659176,-7.772638668096138,0.11574209131992037,84,-6.5151301230481415,-6.571731995908657,-6.178250695907098,-6.387730185113474,-6.491132991809033,-6.428795198357281,0.13872961531610786
6,266.04171385765073,4.283464986114328,0.688738203048706,0.02294175510048103,1200,6,1,10,True,"{'n_estimators': 1200, 'min_samples_split': 6, 'min_samples_leaf': 1, 'max_depth': 10, 'bootstrap': True}",-8.256315098800165,-8.147445936058748,-8.149148150363219,-8.236174912966023,-8.194225451340264,-8.196661909905684,0.04428427737703185,93,-7.932095112347024,-7.979150185674682,-7.9434226927091816,-7.939357516010276,-7.955574141339816,-7.949919929616195,0.016479567705179304
7,795.5395935535431,5.788851438976249,0.9801328182220459,0.030012613710215023,600,6,3,40,True,"{'n_estimators': 600, 'min_samples_split': 6, 'min_samples_leaf': 3, 'max_depth': 40, 'bootstrap': True}",-7.003251751076482,-6.851537488970394,-6.933914426882631,-6.974159000121257,-6.891798927939237,-6.930932318998001,0.05466717573716769,17,-4.332741430475404,-4.411211639022143,-4.372947041972088,-4.361804850971855,-4.402035688848957,-4.376148130258089,0.028283329187223927
8,620.9132170200348,39.60295316757528,0.8311223983764648,0.02279882128717374,800,6,4,20,False,"{'n_estimators': 800, 'min_samples_split': 6, 'min_samples_leaf': 4, 'max_depth': 20, 'bootstrap': False}",-7.897271594805139,-7.64977768182467,-7.7886983186030925,-7.778312263276516,-7.8916368255112666,-7.801139336804137,0.09057307691417543,89,-6.500994242152647,-6.549243045655357,-6.16284524403543,-6.357757951731302,-6.471607363618518,-6.40848956943865,0.1380343023463013
9,1700.011579799652,7.318787971758768,2.094051170349121,0.05487003823098921,1200,6,3,90,True,"{'n_estimators': 1200, 'min_samples_split': 6, 'min_samples_leaf': 3, 'max_depth': 90, 'bootstrap': True}",-6.973150378104443,-6.809177437465122,-6.901726685755111,-6.93619775777568,-6.86326410842169,-6.89670327350441,0.05693532909543645,13,-4.1253745996859985,-4.139052288445852,-4.146655000281378,-4.114221966885029,-4.151383947219158,-4.1353375605034834,0.0137440827671513
10,340.6026954650879,6.778171367542007,0.34331774711608887,0.009840190458668591,200,6,4,40,False,"{'n_estimators': 200, 'min_samples_split': 6, 'min_samples_leaf': 4, 'max_depth': 40, 'bootstrap': False}",-7.726142960057461,-7.586918458979679,-7.810042024345849,-7.565625025337436,-7.634522268461166,-7.664650147436317,0.09129736377781691,64,-4.269158804953512,-4.288917529062961,-4.238678916264382,-4.251294705253309,-4.2707640973377705,-4.263762810574387,0.0172947971250032
11,2011.712043094635,20.596203686574807,1.9642652511596679,0.05104525313459957,1000,6,3,90,False,"{'n_estimators': 1000, 'min_samples_split': 6, 'min_samples_leaf': 3, 'max_depth': 90, 'bootstrap': False}",-7.868351567786427,-7.6784707545359465,-7.743349219734681,-7.670536250950651,-7.655084042463514,-7.7231583670942445,0.07859887983312333,81,-3.2898070983873606,-3.2344378207364133,-3.3069347138613105,-3.215488477552339,-3.317145577161202,-3.2727627375397246,0.04044060029321177
12,2421.498664045334,30.433635064682676,2.1694602966308594,0.057176247037758615,1000,6,1,90,False,"{'n_estimators': 1000, 'min_samples_split': 6, 'min_samples_leaf': 1, 'max_depth': 90, 'bootstrap': False}",-7.537881916224495,-7.473173296614466,-7.584352846429122,-7.450256718327351,-7.383882757356114,-7.485909506990309,0.06962041717279949,48,-1.693556327917351,-1.6553894234485387,-1.671187742656255,-1.6825415674645057,-1.7209250134817409,-1.6847200149936783,0.02207729136576788
13,800.6748848438262,6.169654547208872,0.7663459300994873,0.026118040531393532,400,6,3,60,False,"{'n_estimators': 400, 'min_samples_split': 6, 'min_samples_leaf': 3, 'max_depth': 60, 'bootstrap': False}",-7.86858302828055,-7.679750108417652,-7.742857770638859,-7.673420294110193,-7.6481929357016085,-7.722560827429772,0.07938838963261177,80,-3.289814506650779,-3.2392807018583203,-3.3071233939758202,-3.2412627582837352,-3.3253525075945713,-3.280566773672645,0.034773213718713725
14,1967.8318964004516,36.238910800850626,1.720053005218506,0.05853981901289235,800,2,1,40,False,"{'n_estimators': 800, 'min_samples_split': 2, 'min_samples_leaf': 1, 'max_depth': 40, 'bootstrap': False}",-7.517842050926943,-7.378868628055959,-7.5377911623288725,-7.462069231666693,-7.341367306505516,-7.447587675896797,0.07653383048386657,44,-1.5240155704041916,-1.562789010564796,-1.3461287798245678,-1.6259275295165028,-1.6255873784019106,-1.5368896537423935,0.10297694829974999
15,1026.9941119670868,7.881845592178177,1.2722530364990234,0.02102246426933677,800,10,3,80,True,"{'n_estimators': 800, 'min_samples_split': 10, 'min_samples_leaf': 3, 'max_depth': 80, 'bootstrap': True}",-7.02589743438308,-6.861736650136612,-6.957253648471466,-6.994689448702311,-6.9246807781331245,-6.952851591965318,0.056922766673389406,20,-4.605215422103317,-4.620969072355688,-4.633850814090736,-4.5926361095580255,-4.634955244703636,-4.6175253325622805,0.01645107805232981
16,1463.4563094615937,16.460286666991717,1.3567588329315186,0.019424532192700676,800,10,3,60,False,"{'n_estimators': 800, 'min_samples_split': 10, 'min_samples_leaf': 3, 'max_depth': 60, 'bootstrap': False}",-7.835594167200765,-7.569062746417514,-7.681943665476021,-7.5283833756345455,-7.555335908088704,-7.63406397256351,0.1135768818445202,53,-3.952303825621101,-3.907205656556918,-3.9660420545276827,-3.920243279223318,-3.9712955996920623,-3.9434180831242167,0.025362838190996675
17,223.00711078643798,3.929986295357942,0.5874055862426758,0.0409902841715349,1000,2,3,10,True,"{'n_estimators': 1000, 'min_samples_split': 2, 'min_samples_leaf': 3, 'max_depth': 10, 'bootstrap': True}",-8.247171467153944,-8.144235721614887,-8.140179727510132,-8.22671460933561,-8.186226473950377,-8.188905599912989,0.04289806257483139,90,-7.931771894142411,-7.983485852207647,-7.946532853249981,-7.940014396717101,-7.960805238208821,-7.952522046905192,0.01816727327106001
18,1065.7272543430329,20.030696212614856,1.352925682067871,0.030363465618087344,1000,10,1,30,True,"{'n_estimators': 1000, 'min_samples_split': 10, 'min_samples_leaf': 1, 'max_depth': 30, 'bootstrap': True}",-7.119541697794529,-7.006630539951452,-7.03516422546228,-7.091251629495661,-7.024852567104037,-7.0554881319615905,0.0427096016332329,35,-5.091448596662866,-5.226096845192106,-5.130798187289104,-5.128285965658663,-5.168582541392321,-5.149042427239012,0.04560686723802563
19,370.05386276245116,6.947397060759774,0.35465226173400877,0.013292694370782052,200,6,3,40,False,"{'n_estimators': 200, 'min_samples_split': 6, 'min_samples_leaf': 3, 'max_depth': 40, 'bootstrap': False}",-7.8990182177886865,-7.61917851806953,-7.767918876020921,-7.662736941210414,-7.597032461710696,-7.7091770029600495,0.11164506191340408,78,-3.818777420374132,-3.6814892998977498,-3.6477130281379933,-3.6759300145721845,-3.694317107243474,-3.7036453740451067,0.05954807258751655
20,1017.5727950096131,4.696367316819897,1.3011639595031739,0.03693172252856533,800,10,3,50,True,"{'n_estimators': 800, 'min_samples_split': 10, 'min_samples_leaf': 3, 'max_depth': 50, 'bootstrap': True}",-7.03488121396982,-6.869416856218678,-6.9638506247629754,-6.990244580484904,-6.925748627533993,-6.956828380594075,0.05632925486849538,21,-4.626907322678669,-4.6582771505103695,-4.661828759746327,-4.624657576554914,-4.6694174395641275,-4.648217649810881,0.018682045112289453
21,1273.8040954589844,3.908113787274388,1.6260963916778564,0.026036155342219484,1000,2,4,80,True,"{'n_estimators': 1000, 'min_samples_split': 2, 'min_samples_leaf': 4, 'max_depth': 80, 'bootstrap': True}",-7.067893040209938,-6.902186444612241,-7.006629457855115,-7.028601153586496,-6.975191015764588,-6.996100222405675,0.05581823464933394,24,-4.6515535540515724,-4.671681552721829,-4.678746880959806,-4.641213372967123,-4.682349151710614,-4.665108902482189,0.016007274492977116
22,1844.3956493854523,8.105968779208458,2.1161864757537843,0.04115455219868891,1200,10,1,50,True,"{'n_estimators': 1200, 'min_samples_split': 10, 'min_samples_leaf': 1, 'max_depth': 50, 'bootstrap': True}",-6.834823379986563,-6.720050844555297,-6.7637310342448345,-6.8187079969612645,-6.744919219717959,-6.776446495093184,0.043657798081816364,10,-3.943372510490097,-4.006897180285386,-3.975410515134818,-3.9493220354721825,-3.986169561257594,-3.9722343605280157,0.023510720440119953
23,1807.4354160308837,23.84166436639578,1.5639020919799804,0.03347754255950951,800,10,1,70,False,"{'n_estimators': 800, 'min_samples_split': 10, 'min_samples_leaf': 1, 'max_depth': 70, 'bootstrap': False}",-7.5497934496661046,-7.437401773436512,-7.618436848825016,-7.460838691118164,-7.420626397440715,-7.497419432097303,0.07513413738271033,50,-2.685197341037552,-2.6800469789094064,-2.6753726803349585,-2.736948734597625,-2.705269367707662,-2.6965670205174406,0.022617670616799902
24,1017.8451790809631,7.397762219420016,1.2925625801086427,0.03104988987840722,800,2,4,100,True,"{'n_estimators': 800, 'min_samples_split': 2, 'min_samples_leaf': 4, 'max_depth': 100, 'bootstrap': True}",-7.0716275012924825,-6.898687111875815,-7.010990053196526,-7.040080920090615,-6.9723986363762975,-6.998756844566347,0.05979326009303669,28,-4.65204318116694,-4.667429566626271,-4.6791361401521065,-4.645078157048527,-4.680049697587275,-4.664747348516224,0.014118544307785804
25,286.8608418464661,8.189847889302458,0.30771899223327637,0.022441015162329932,200,2,3,30,False,"{'n_estimators': 200, 'min_samples_split': 2, 'min_samples_leaf': 3, 'max_depth': 30, 'bootstrap': False}",-7.918697999809319,-7.617539066179283,-7.7201564594166125,-7.6194722812598545,-7.607323831245567,-7.696637927582127,0.11836551158945924,75,-4.77984420743948,-4.76327366875445,-4.52865383920199,-4.725978489001192,-4.667496775816361,-4.693049396042694,0.09080522940421921
26,259.4613993167877,1.5341385161816619,0.3235012054443359,0.009388851041014227,200,10,3,60,True,"{'n_estimators': 200, 'min_samples_split': 10, 'min_samples_leaf': 3, 'max_depth': 60, 'bootstrap': True}",-7.029065427362624,-6.872896344539563,-6.971187283626429,-6.995074024847627,-6.929412938720121,-6.959527203819272,0.054123697622943244,22,-4.611902150635054,-4.632551830065478,-4.639031420166558,-4.601179062127039,-4.639688970148637,-4.624870686628553,0.015547243245347299
27,347.2261579990387,5.440523294159606,0.3321108341217041,0.01865706669946891,200,10,4,100,False,"{'n_estimators': 200, 'min_samples_split': 10, 'min_samples_leaf': 4, 'max_depth': 100, 'bootstrap': False}",-7.714788960478717,-7.524802752341269,-7.837700256740211,-7.5113207711928105,-7.606187743247347,-7.638960096800071,0.12300031840005451,58,-4.216707406878237,-4.205651451005448,-4.268019703903264,-4.188105974587798,-4.252779085564953,-4.22625272438794,0.029728197008169515
28,242.93398900032042,1.3054606620280713,0.3096916675567627,0.009775647923544298,200,10,4,70,True,"{'n_estimators': 200, 'min_samples_split': 10, 'min_samples_leaf': 4, 'max_depth': 70, 'bootstrap': True}",-7.088880767914515,-6.9263794567723505,-7.0411022593926145,-7.052750621629568,-7.002340506147472,-7.022290722371304,0.055340573812611066,33,-4.8314916214822885,-4.846279117310617,-4.850853075171677,-4.816373787690353,-4.870143207340109,-4.843028161799009,0.018169045639920854
29,485.3210503578186,7.751912469104246,0.40880465507507324,0.013435088283075892,200,6,1,60,False,"{'n_estimators': 200, 'min_samples_split': 6, 'min_samples_leaf': 1, 'max_depth': 60, 'bootstrap': False}",-7.529210452021736,-7.473955669058668,-7.591784319106947,-7.476869525762233,-7.385662662784627,-7.491496525746842,0.06812109667866033,49,-1.7334207870478868,-1.7142943590785567,-1.7017384172565664,-1.8526751543239184,-1.7605823667757678,-1.7525422168965392,0.05385313905966103
30,810.8229995250701,10.321365324260316,0.7691168308258056,0.02019321977082672,400,6,3,70,False,"{'n_estimators': 400, 'min_samples_split': 6, 'min_samples_leaf': 3, 'max_depth': 70, 'bootstrap': False}",-7.868523395083412,-7.679043226449521,-7.744018454107173,-7.671604417962471,-7.656713713919205,-7.723980641504356,0.07820690654563336,82,-3.289774041631249,-3.2346999999954322,-3.3070155920541713,-3.215763564914016,-3.3171144176236798,-3.2728735232437103,0.040317069183093295
31,654.1628275394439,17.220238567306247,1.0666403293609619,0.05545138387985867,1000,6,1,20,True,"{'n_estimators': 1000, 'min_samples_split': 6, 'min_samples_leaf': 1, 'max_depth': 20, 'bootstrap': True}",-7.513436409086407,-7.402969299080359,-7.414254047148051,-7.4750939577110875,-7.4509841433411825,-7.451347571273418,0.04033716272149431,45,-6.23056406264705,-6.342768875929462,-6.22348055581194,-6.262730901954913,-6.282990399936219,-6.268506959255918,0.042953476157544586
32,1808.9892673969268,22.438569412022684,1.7809191703796388,0.049055159800984946,1000,6,4,90,False,"{'n_estimators': 1000, 'min_samples_split': 6, 'min_samples_leaf': 4, 'max_depth': 90, 'bootstrap': False}",-7.692381369594559,-7.60051111823411,-7.834252155605724,-7.586913338754827,-7.654089754549677,-7.673629547347778,0.08876830755685268,70,-3.9986711825553645,-3.9624810668276162,-4.027189416903977,-3.9543267387277057,-4.019845592453738,-3.9925027994936797,0.029487471074002066
33,2102.0273190021517,10.526086293943738,2.174827814102173,0.01889163653957834,1000,2,1,60,True,"{'n_estimators': 1000, 'min_samples_split': 2, 'min_samples_leaf': 1, 'max_depth': 60, 'bootstrap': True}",-6.667319935206268,-6.545894899828678,-6.597768766566547,-6.633778185516185,-6.57658683655939,-6.604269724735414,0.04257300373673676,2,-2.504674227749995,-2.531261013097451,-2.5310383593376238,-2.5089733337794553,-2.5353238786272176,-2.5222541625183483,0.012763521996156503
34,347.58731107711793,4.737740175947142,0.3490654468536377,0.019484082911952492,200,10,4,70,False,"{'n_estimators': 200, 'min_samples_split': 10, 'min_samples_leaf': 4, 'max_depth': 70, 'bootstrap': False}",-7.714657985758041,-7.526467891176235,-7.838568743482566,-7.5125142472004365,-7.6044921004495984,-7.639340193613376,0.12280403237245732,59,-4.216626162126656,-4.204823397292456,-4.267945924629913,-4.188122266693199,-4.252664821010579,-4.226036514350561,0.029804384326020304
35,402.96790199279786,8.613568113684602,0.5476151943206787,0.00845896676255875,400,10,3,30,True,"{'n_estimators': 400, 'min_samples_split': 10, 'min_samples_leaf': 3, 'max_depth': 30, 'bootstrap': True}",-7.191705177481313,-7.058251327045365,-7.102129849401176,-7.150408869848109,-7.086021153946187,-7.1177032755444305,0.04759571409312726,38,-5.299556720548549,-5.433977973066699,-5.345729968244724,-5.350418989085,-5.380345675927772,-5.362005865374549,0.04430663416647043
36,220.28734636306763,3.539327747772325,0.5557136535644531,0.03327226144407733,1000,10,1,10,True,"{'n_estimators': 1000, 'min_samples_split': 10, 'min_samples_leaf': 1, 'max_depth': 10, 'bootstrap': True}",-8.259901005990242,-8.151918347547877,-8.154050867741482,-8.237939359325429,-8.197732444182906,-8.200308404957587,0.043486457210949916,94,-7.952900422276793,-7.998942235055755,-7.964383085602275,-7.954925891589096,-7.979132974346274,-7.970056921774038,0.01715938239003676
37,1009.0526497364044,7.795177138281858,1.2987387657165528,0.022051503094611256,800,6,4,50,True,"{'n_estimators': 800, 'min_samples_split': 6, 'min_samples_leaf': 4, 'max_depth': 50, 'bootstrap': True}",-7.0753983233360715,-6.903381348576008,-7.005546694882394,-7.036155817878545,-6.976531118457988,-6.999402660626201,0.05814995147833263,29,-4.668175764008102,-4.696191091292829,-4.699708766381519,-4.664530819208566,-4.709783383616711,-4.687677964901545,0.018011047916196
38,963.0699644565582,6.211324334018237,1.1086020946502686,0.033613770779541446,600,10,1,80,True,"{'n_estimators': 600, 'min_samples_split': 10, 'min_samples_leaf': 1, 'max_depth': 80, 'bootstrap': True}",-6.810384874139812,-6.693288020444646,-6.749902599049733,-6.794585934627262,-6.716711307905212,-6.752974547233333,0.044529527436667125,9,-3.833009605390632,-3.8587537367616638,-3.853308187036219,-3.822192282803913,-3.8557557098751185,-3.844603904373509,0.014401761069494822
39,259.5683154582977,4.141475141472916,0.5451247692108154,0.03674396875568789,1000,2,1,10,False,"{'n_estimators': 1000, 'min_samples_split': 2, 'min_samples_leaf': 1, 'max_depth': 10, 'bootstrap': False}",-8.359937948346829,-8.215802110746932,-8.153665199903998,-8.33472569766381,-8.295714532135623,-8.271969097759438,0.07666980870824108,100,-7.978030048714142,-7.9477538668793155,-7.92235885375651,-7.957502331426392,-7.958373946187711,-7.952803809392814,0.018121053648157106
40,1830.1435680389404,25.16959332590924,1.7188910961151123,0.04992880653198374,1000,10,3,100,False,"{'n_estimators': 1000, 'min_samples_split': 10, 'min_samples_leaf': 3, 'max_depth': 100, 'bootstrap': False}",-7.836266000737466,-7.568348589113115,-7.681200541903892,-7.524522760993016,-7.563456660124351,-7.634758910574368,0.11349738578213374,56,-3.9521625534044,-3.904745761661367,-3.96615184604605,-3.9036635888216358,-3.9654341786707454,-3.9384315857208394,0.028388873464762612
41,1080.325206899643,12.072011348323626,1.048927116394043,0.02951733925204427,600,6,4,100,False,"{'n_estimators': 600, 'min_samples_split': 6, 'min_samples_leaf': 4, 'max_depth': 100, 'bootstrap': False}",-7.692080245658218,-7.599619976165789,-7.834901784221802,-7.586788286313882,-7.653957616455222,-7.6734695817629825,0.08916820152845195,68,-3.9985599591184604,-3.962495471082334,-4.027395578804014,-3.9543365824525063,-4.019820619083384,-3.9925216421081395,0.02952137057880303
42,341.1144009590149,2.9070097463156093,0.38910889625549316,0.014133039990807146,200,6,1,60,True,"{'n_estimators': 200, 'min_samples_split': 6, 'min_samples_leaf': 1, 'max_depth': 60, 'bootstrap': True}",-6.755163235512048,-6.61539618490338,-6.665501723566313,-6.7095392891123975,-6.650078502452722,-6.679135787109372,0.048574676971363,4,-3.2555791718013944,-3.285430658531988,-3.277789448822356,-3.2591215283138557,-3.285043242937542,-3.272592810081427,0.012788807648354161
43,323.6802107810974,6.317463913093486,0.32020978927612304,0.0114844474254417,200,10,4,40,False,"{'n_estimators': 200, 'min_samples_split': 10, 'min_samples_leaf': 4, 'max_depth': 40, 'bootstrap': False}",-7.744460149525026,-7.524579028953683,-7.81449946898837,-7.502907742117306,-7.594653707250283,-7.636220019366934,0.12285204128778232,57,-4.4591977726810335,-4.501041455290102,-4.461186728705314,-4.4620569845508,-4.484820201537978,-4.473660628553046,0.01657505760790862
44,1814.4357697486878,24.56321766171325,2.161629486083984,0.8784595701394985,600,2,1,70,False,"{'n_estimators': 600, 'min_samples_split': 2, 'min_samples_leaf': 1, 'max_depth': 70, 'bootstrap': False}",-7.486765486494294,-7.391529911986094,-7.499595214523534,-7.426144937966086,-7.374146280956079,-7.435636366385216,0.05004281830090864,42,-0.08976256848186964,-0.08858871960860865,-0.09302853931510477,-0.1415506897377304,-0.08689927162650934,-0.09996595775396458,0.02088878500806088
45,179.5226590156555,3.0623169672342594,0.4557336330413818,0.01456805419400753,800,6,3,10,True,"{'n_estimators': 800, 'min_samples_split': 6, 'min_samples_leaf': 3, 'max_depth': 10, 'bootstrap': True}",-8.250768397510578,-8.143366152115757,-8.142136454841753,-8.230916897343759,-8.18384261793143,-8.190206103948658,0.04443045421239752,91,-7.9390459154472985,-7.983849060676057,-7.94562837565045,-7.9428557277530825,-7.9581883647789695,-7.953913488861171,0.01628726462517071
46,3419.6848563194276,63.24260399873008,5.9353752613067625,2.2708975933192033,1200,2,1,50,False,"{'n_estimators': 1200, 'min_samples_split': 2, 'min_samples_leaf': 1, 'max_depth': 50, 'bootstrap': False}",-7.484802841950562,-7.394161624321192,-7.53405507147862,-7.477996706938353,-7.376670042911121,-7.453537257519969,0.059148887225028056,46,-0.452065483361541,-0.5501551974599633,-0.5125872458060484,-0.6894339827811266,-0.505206173411378,-0.5418896165640115,0.08013780464812156
47,963.0857294082641,62.39052056354777,1.298966646194458,0.03469693280633812,1200,6,3,20,False,"{'n_estimators': 1200, 'min_samples_split': 6, 'min_samples_leaf': 3, 'max_depth': 20, 'bootstrap': False}",-7.954485943387372,-7.655635232560092,-7.718820266042189,-7.737207804109361,-7.879713166727171,-7.789172482565237,0.11046095702388928,88,-6.327801096121003,-6.394927205860928,-5.979720071468185,-6.184821526836887,-6.291900179454951,-6.235834015948392,0.1449887086672118
48,3023.6805357933044,36.976460312047344,4.920569181442261,2.0556631394987677,1000,2,1,90,False,"{'n_estimators': 1000, 'min_samples_split': 2, 'min_samples_leaf': 1, 'max_depth': 90, 'bootstrap': False}",-7.485253485613217,-7.392903899263184,-7.494505206425669,-7.411535123496044,-7.372793079644491,-7.431398158888522,0.049383801347778596,40,-0.08765633546736919,-0.08399884371494427,-0.09236851769454144,-0.09096309133257754,-0.0856228564032872,-0.08812192892254392,0.003148577214863123
49,360.60839738845823,5.003446379998783,0.3436113834381104,0.01047702402546214,200,10,3,50,False,"{'n_estimators': 200, 'min_samples_split': 10, 'min_samples_leaf': 3, 'max_depth': 50, 'bootstrap': False}",-7.846608419350214,-7.557954600018294,-7.688509502744712,-7.554538727794195,-7.550620371994164,-7.639646324380317,0.115813108047723,61,-4.004151155506175,-3.9628673972379476,-3.9880109931047065,-3.9886612076208907,-3.9909163544237947,-3.986921421578703,0.013383821040471255
50,2015.3178470134735,27.21753411209301,2.0508173942565917,0.06770667842064222,1000,6,3,60,False,"{'n_estimators': 1000, 'min_samples_split': 6, 'min_samples_leaf': 3, 'max_depth': 60, 'bootstrap': False}",-7.8682068713909805,-7.678740327423085,-7.742094581407697,-7.672781418883687,-7.6477568130853335,-7.721916002438158,0.07948097252518782,79,-3.28980431730966,-3.23878953676707,-3.3070105592049486,-3.2412170907758076,-3.3249519537646783,-3.2803546915644333,0.03477976535564763
51,284.32412614822385,0.642961678655699,0.3564962863922119,0.013308760722584719,200,2,3,70,True,"{'n_estimators': 200, 'min_samples_split': 2, 'min_samples_leaf': 3, 'max_depth': 70, 'bootstrap': True}",-6.985764695760261,-6.819134892522306,-6.908105620031286,-6.93870237596227,-6.879737176227329,-6.906288952100691,0.055984196095083864,16,-4.137861613918919,-4.146563575491491,-4.155124824621576,-4.121421349833484,-4.156818088897691,-4.143557890552632,0.012970234911948144
52,88.94916710853576,1.7016263311017232,0.31316499710083007,0.15832667989629526,400,6,4,10,True,"{'n_estimators': 400, 'min_samples_split': 6, 'min_samples_leaf': 4, 'max_depth': 10, 'bootstrap': True}",-8.250444149651585,-8.137311678271834,-8.14070390694565,-8.235446998531382,-8.191206295799113,-8.191022605839914,0.046736100555361725,92,-7.9497238861713,-7.995862267853597,-7.959107642687119,-7.957029720796265,-7.971342531119784,-7.966613209725613,0.016194443052936797
53,1014.7173090457916,14.058993676391566,0.9999556064605712,0.022016712520425693,600,2,4,40,False,"{'n_estimators': 600, 'min_samples_split': 2, 'min_samples_leaf': 4, 'max_depth': 40, 'bootstrap': False}",-7.724521597324023,-7.587394948557324,-7.809829053312851,-7.563818745316154,-7.634593006026692,-7.664031470107409,0.0913218052515893,63,-4.269019421589747,-4.288298139916834,-4.2387960292808105,-4.25111863667773,-4.270635855476915,-4.263573616588408,0.01708736036612929
54,508.3809739112854,4.546880039044735,0.656015682220459,0.0040435451560125076,400,2,4,60,True,"{'n_estimators': 400, 'min_samples_split': 2, 'min_samples_leaf': 4, 'max_depth': 60, 'bootstrap': True}",-7.071468026978282,-6.904249423806673,-7.007974596309315,-7.037330590330695,-6.969174508241255,-6.998039429133243,0.05773042635180834,27,-4.657177257630302,-4.672491195160444,-4.683675172336221,-4.6467430260421025,-4.689881365905718,-4.669993603414957,0.01608598431558526
55,722.1969205379486,7.378320849369497,0.7099843502044678,0.015727910197094828,400,6,4,90,False,"{'n_estimators': 400, 'min_samples_split': 6, 'min_samples_leaf': 4, 'max_depth': 90, 'bootstrap': False}",-7.692355601672961,-7.601181618397419,-7.835141950731639,-7.586613237827838,-7.6547230947749,-7.6740031006809515,0.0890103570687299,74,-3.998682075537697,-3.9621136861448787,-4.02725347381387,-3.954299519479169,-4.01985598849334,-3.9924409486937913,0.029587022334034943
56,978.4234776973724,4.474689347089353,1.2434263706207276,0.028659362169773304,800,10,4,90,True,"{'n_estimators': 800, 'min_samples_split': 10, 'min_samples_leaf': 4, 'max_depth': 90, 'bootstrap': True}",-7.098729225686487,-6.917836499898671,-7.024679082206459,-7.053230516352467,-6.997547743070171,-7.0184046134428515,0.06042054337293527,32,-4.825108802079844,-4.843839746249845,-4.856111406686602,-4.818324984630416,-4.857435457243277,-4.840164079377996,0.015935719014365007
57,149.04407062530518,3.305220348626082,0.3178989887237549,0.009619808078368822,600,10,4,10,False,"{'n_estimators': 600, 'min_samples_split': 10, 'min_samples_leaf': 4, 'max_depth': 10, 'bootstrap': False}",-8.35477697054877,-8.211045029896692,-8.13123545934785,-8.302816833607583,-8.282286928634685,-8.256432244407115,0.07775077388923066,96,-8.04946614791275,-8.036787927107792,-7.978484251003166,-8.026802648415245,-8.035441959638447,-8.02539658681548,0.02454693537210917
58,569.785842037201,2.965952733887044,0.6989493370056152,0.016468380771035473,400,6,3,70,True,"{'n_estimators': 400, 'min_samples_split': 6, 'min_samples_leaf': 3, 'max_depth': 70, 'bootstrap': True}",-6.973216818879121,-6.817309339553307,-6.90523930664162,-6.93884458368295,-6.872399413615719,-6.901401892474543,0.05382706710137595,15,-4.127917861949247,-4.146711343943874,-4.149046464595844,-4.123281962093355,-4.153598983756388,-4.140111323267742,0.012142667790886078
59,3606.68355512619,56.69636193126921,4.467919588088989,0.1298379323355336,1200,2,1,60,False,"{'n_estimators': 1200, 'min_samples_split': 2, 'min_samples_leaf': 1, 'max_depth': 60, 'bootstrap': False}",-7.474184232710537,-7.389980950229772,-7.504890505136025,-7.447785201822107,-7.376701474790541,-7.438708472937796,0.048867611386427895,43,-0.14473649089314344,-0.16400417189721445,-0.13789411427862347,-0.31643278738287123,-0.13853936608007597,-0.1803213861063857,0.06870903928386665
60,213.6181966304779,5.50714919666713,0.2764329433441162,0.010028225251306888,200,10,1,30,True,"{'n_estimators': 200, 'min_samples_split': 10, 'min_samples_leaf': 1, 'max_depth': 30, 'bootstrap': True}",-7.115347571650705,-7.0131620957317455,-7.035840988364249,-7.09050419724726,-7.029289961229913,-7.056828962844774,0.03915133702659307,36,-5.092238808775022,-5.254068021556554,-5.1373329798381135,-5.147069154402439,-5.148307215364977,-5.155803235987421,0.05323538176497714
61,161.6800214767456,10.192067690229447,0.2079216480255127,0.005674334144523015,200,6,3,20,False,"{'n_estimators': 200, 'min_samples_split': 6, 'min_samples_leaf': 3, 'max_depth': 20, 'bootstrap': False}",-7.953585945549919,-7.655885150835772,-7.720100110582766,-7.735927203838555,-7.880130715235565,-7.789125825208515,0.11016055654734831,86,-6.3280626405542915,-6.3948818326044545,-5.9796892877293795,-6.184666486983801,-6.291859287760536,-6.235831907126493,0.14503061473625453
62,1362.691530561447,49.5278875874152,1.5588117599487306,0.08944289399304473,1000,2,4,30,False,"{'n_estimators': 1000, 'min_samples_split': 2, 'min_samples_leaf': 4, 'max_depth': 30, 'bootstrap': False}",-7.7507477507885145,-7.592160924750238,-7.781933933214096,-7.595015707884565,-7.642021850545347,-7.672376033436552,0.07935429356300958,66,-5.0949833084488265,-5.075929095090572,-4.861138096009176,-5.093762707083917,-5.058996011038023,-5.036961843534103,0.08889406044952637
63,1569.5607701301574,7.85222919813148,1.9864726066589355,0.04410668195258424,1200,10,3,80,True,"{'n_estimators': 1200, 'min_samples_split': 10, 'min_samples_leaf': 3, 'max_depth': 80, 'bootstrap': True}",-7.031318892604074,-6.863472172530691,-6.952855716183533,-6.982300308819366,-6.923232780903574,-6.950635974208247,0.05633072693982748,18,-4.606562294525861,-4.621609025121209,-4.631189625103261,-4.594065355066223,-4.632770607147479,-4.617239381392807,0.014872509804913999
64,641.9370917320251,4.6094527621329835,0.7208604335784912,0.02141437837584496,400,10,1,90,True,"{'n_estimators': 400, 'min_samples_split': 10, 'min_samples_leaf': 1, 'max_depth': 90, 'bootstrap': True}",-6.8133501400157535,-6.698390810149073,-6.745631254849164,-6.790749732741001,-6.715169032038381,-6.752658193958675,0.043667474676867234,8,-3.83424464461639,-3.8569905270005846,-3.854658383453332,-3.8211751852430607,-3.858221519409281,-3.8450580519445294,0.014799650682784634
65,101.3465395450592,2.792923071029612,0.22902240753173828,0.013252741067820723,400,2,4,10,False,"{'n_estimators': 400, 'min_samples_split': 2, 'min_samples_leaf': 4, 'max_depth': 10, 'bootstrap': False}",-8.349650819390765,-8.216339559000984,-8.127494794109829,-8.31042095699896,-8.28082664976616,-8.25694655585334,0.07801350877002047,98,-8.04528817147392,-8.025789565513245,-7.968952714516176,-8.01715714877346,-8.026357690839644,-8.01670905822329,0.02558588121450516
66,1303.7537670135498,22.209169840952956,1.88775577545166,0.12403215953132746,1200,2,3,30,True,"{'n_estimators': 1200, 'min_samples_split': 2, 'min_samples_leaf': 3, 'max_depth': 30, 'bootstrap': True}",-7.149399576028693,-7.01543625821782,-7.0539055086145925,-7.108922926970273,-7.043598423035655,-7.074252538573407,0.04829522612496906,37,-4.970903962005257,-5.10818128573161,-5.008563128785687,-5.027635739960679,-5.0545685911876665,-5.033970541534179,0.046031671685677115
67,796.790700340271,14.02270349032265,0.7719192028045654,0.0264299758420543,400,2,3,50,False,"{'n_estimators': 400, 'min_samples_split': 2, 'min_samples_leaf': 3, 'max_depth': 50, 'bootstrap': False}",-7.8723709173986975,-7.670284020056481,-7.752292431135847,-7.697083380449692,-7.634228330534092,-7.7252518159149615,0.08303664145651346,83,-3.3601880148780845,-3.3077831436471548,-3.338532976838267,-3.3298315344961056,-3.353979248543415,-3.3380629836806053,0.018588657048690435
68,101.98625392913819,1.8656251084516369,0.23286809921264648,0.012189241293398656,400,2,3,10,False,"{'n_estimators': 400, 'min_samples_split': 2, 'min_samples_leaf': 3, 'max_depth': 10, 'bootstrap': False}",-8.365982667918237,-8.239851988857135,-8.136688538780247,-8.30442141766617,-8.275047517439331,-8.264398426132225,0.07608803333847866,99,-8.027956846575513,-8.009163569349253,-7.961850758629113,-8.001277075566225,-8.010607989402452,-8.002171247904512,0.02196137365780967
69,392.9404960155487,9.67862908739742,0.602726936340332,0.010090848420725052,600,2,3,20,True,"{'n_estimators': 600, 'min_samples_split': 2, 'min_samples_leaf': 3, 'max_depth': 20, 'bootstrap': True}",-7.528690699940292,-7.407229277194892,-7.413856813892107,-7.473275267604829,-7.452841677487889,-7.455178747224002,0.04414432463491829,47,-6.278467683200137,-6.400107475911952,-6.278455616460228,-6.321066419178294,-6.326778812523008,-6.320975201454724,0.04452058242913547
70,688.0852616310119,4.072003149307853,0.7691808700561523,0.015413295734102937,400,6,1,60,True,"{'n_estimators': 400, 'min_samples_split': 6, 'min_samples_leaf': 1, 'max_depth': 60, 'bootstrap': True}",-6.744986524827887,-6.622039315921555,-6.6767445594463934,-6.718873681809213,-6.639353863208005,-6.680399589042611,0.04638051405007833,5,-3.2477658939918936,-3.2798510851315803,-3.2796308965247745,-3.2501933749671124,-3.2793222645318303,-3.267352703029438,0.015022114505377536
71,1022.8629671573639,4.997189921459214,1.267113733291626,0.02631189803809928,800,6,4,70,True,"{'n_estimators': 800, 'min_samples_split': 6, 'min_samples_leaf': 4, 'max_depth': 70, 'bootstrap': True}",-7.071669724377157,-6.900101752114812,-7.000554950323037,-7.037813430991693,-6.975320181728102,-6.997092007906962,0.058503306224384995,25,-4.652439477036132,-4.669736419443905,-4.676948311591791,-4.645484071023127,-4.684495008284167,-4.665820657475824,0.014700489750589733
72,2637.009076499939,15.982320474725068,2.7315212726593017,0.03195155235982406,1200,2,1,70,True,"{'n_estimators': 1200, 'min_samples_split': 2, 'min_samples_leaf': 1, 'max_depth': 70, 'bootstrap': True}",-6.66704888892379,-6.546567199809614,-6.584855391069363,-6.6337310376897065,-6.574206475677454,-6.601281798633986,0.04330092512562322,1,-2.4751980208388846,-2.485750163830715,-2.4931352460755307,-2.472982914109819,-2.492819586617282,-2.4839771862944464,0.008522315632891287
73,1406.8585798740387,43.836007400387984,1.5777116775512696,0.014687846473714484,1000,6,4,30,False,"{'n_estimators': 1000, 'min_samples_split': 6, 'min_samples_leaf': 4, 'max_depth': 30, 'bootstrap': False}",-7.7506534560741,-7.5916286196604785,-7.782531773469326,-7.5947009659015,-7.641959898286931,-7.672294942678467,0.07967472786766133,65,-5.094983406757908,-5.075949890789709,-4.861126212945625,-5.093784133359637,-5.059051926861237,-5.036979114142823,0.08890610948999418
74,375.9752062797546,5.072885264843107,0.3631096363067627,0.005080348663235231,200,2,4,50,False,"{'n_estimators': 200, 'min_samples_split': 2, 'min_samples_leaf': 4, 'max_depth': 50, 'bootstrap': False}",-7.6935241979310485,-7.597655261738561,-7.838113382924497,-7.585472563993222,-7.653680484567281,-7.673689178230921,0.09098617741445682,71,-4.02657936373857,-4.0003779022137325,-4.0440329017430745,-3.99081929553857,-4.036953955661064,-4.019752683779002,0.020710091326632558
75,3865.215353870392,62.20235676781778,17.312862348556518,6.849200119020975,1200,2,1,70,False,"{'n_estimators': 1200, 'min_samples_split': 2, 'min_samples_leaf': 1, 'max_depth': 70, 'bootstrap': False}",-7.48514663736498,-7.390184492716516,-7.493385515643517,-7.424980805627261,-7.374292827969051,-7.433598055864264,0.04838987729706599,41,-0.08976010573761725,-0.08848676374532966,-0.09300579347591532,-0.14158889142073336,-0.08686928374209933,-0.09994216762433898,0.020920630222796138
76,1373.549215745926,40.26344521453026,1.4874507427215575,0.02688664010803149,1000,10,4,30,False,"{'n_estimators': 1000, 'min_samples_split': 10, 'min_samples_leaf': 4, 'max_depth': 30, 'bootstrap': False}",-7.773719272102418,-7.5500502842112915,-7.778046216527621,-7.549740923832779,-7.613345861707624,-7.652980511676347,0.10299828008411714,62,-5.2231276080457265,-5.231484123082362,-5.0309594710577645,-5.2444266695376855,-5.211909321644203,-5.188381438673549,0.07942473513585808
77,1371.9088470458985,6.42948176886629,1.6899878978729248,0.04405367046688075,1000,10,3,70,True,"{'n_estimators': 1000, 'min_samples_split': 10, 'min_samples_leaf': 3, 'max_depth': 70, 'bootstrap': True}",-7.024077734305622,-6.860701082052936,-6.960338534796419,-6.993458047977979,-6.921182352285359,-6.951951550283662,0.05704157918469781,19,-4.603388921176552,-4.6204204596848015,-4.632917563163645,-4.595108845143686,-4.63620568154525,-4.617608294142786,0.01610317101692709
78,1409.6311336994172,26.734125828820247,2.026556634902954,0.07837634252730255,1200,10,1,30,True,"{'n_estimators': 1200, 'min_samples_split': 10, 'min_samples_leaf': 1, 'max_depth': 30, 'bootstrap': True}",-7.116488285994225,-7.00831060454128,-7.023111724843801,-7.094951274080309,-7.023417044167993,-7.053255786725522,0.043717152366635065,34,-5.088416656685596,-5.228247422454996,-5.131083593787415,-5.1379657954102065,-5.1579491224907175,-5.148732518165786,0.045766747308741494
79,403.7350203990936,3.972285389697911,0.48183064460754393,0.08213277527731905,200,6,4,70,False,"{'n_estimators': 200, 'min_samples_split': 6, 'min_samples_leaf': 4, 'max_depth': 70, 'bootstrap': False}",-7.690574195615867,-7.598786237636082,-7.835367561840696,-7.5880654384984245,-7.654251838024489,-7.6734090543231135,0.08915637576928959,67,-3.998796648614946,-3.9627615270706036,-4.027309595602518,-3.954327171298973,-4.020048429165979,-3.9926486743506038,0.02950153481499462
80,722.2026035308838,5.833109717446995,0.8168596744537353,0.008467644477028852,400,6,1,50,True,"{'n_estimators': 400, 'min_samples_split': 6, 'min_samples_leaf': 1, 'max_depth': 50, 'bootstrap': True}",-6.7612269018403754,-6.645957178489213,-6.686614388474652,-6.745661129463196,-6.658366578099225,-6.699565235273333,0.046186296935152,6,-3.3629752172650402,-3.430373811010357,-3.4022363674974283,-3.3880209579835983,-3.4142476521172807,-3.399570801174741,0.022995548489980245
81,361.1374391078949,2.3267442619014678,0.4249705791473389,0.02161466971562042,200,6,1,50,True,"{'n_estimators': 200, 'min_samples_split': 6, 'min_samples_leaf': 1, 'max_depth': 50, 'bootstrap': True}",-6.752627720852092,-6.652568447789282,-6.696245958662554,-6.729249183208464,-6.67526250377141,-6.7011907628567595,0.03603856498442647,7,-3.355256081340031,-3.44204579514559,-3.411013353860296,-3.381509947203751,-3.4135412370542886,-3.400673282920791,0.029712427412240543
82,1766.2750494003296,21.652410071246496,2.065439987182617,0.03151796038050674,1200,10,1,40,True,"{'n_estimators': 1200, 'min_samples_split': 10, 'min_samples_leaf': 1, 'max_depth': 40, 'bootstrap': True}",-6.907383805407133,-6.801707556871913,-6.836897895174227,-6.891730463135232,-6.81242678981503,-6.850029302080706,0.04230815458318652,12,-4.280164907609909,-4.396344323617713,-4.3338525861719335,-4.305558571212714,-4.3449647396928635,-4.332177025661027,0.03923666092222479
83,1541.4048701763154,21.519519664534812,1.5011741161346435,0.014582313689751812,800,6,4,90,False,"{'n_estimators': 800, 'min_samples_split': 6, 'min_samples_leaf': 4, 'max_depth': 90, 'bootstrap': False}",-7.692372408078456,-7.6007391064032985,-7.833880028891763,-7.586687155096987,-7.653785589626994,-7.6734928576194985,0.08865347917869323,69,-3.998779707489686,-3.9625184223372036,-4.027306459171929,-3.954459968463494,-4.019867430638956,-3.9925863976202534,0.029481527306861204
84,1011.9410841941833,71.26069155181617,1.4194605827331543,0.04487721399326196,1200,2,3,20,False,"{'n_estimators': 1200, 'min_samples_split': 2, 'min_samples_leaf': 3, 'max_depth': 20, 'bootstrap': False}",-7.95424572857181,-7.655634340276626,-7.718979200339903,-7.737104345627431,-7.87983241117833,-7.789159205198819,0.11039838904754762,87,-6.327831177089987,-6.394850276239681,-5.979711019414853,-6.184765568495595,-6.291898821506119,-6.2358113725492474,0.14498267774620938
85,1944.8120041370391,30.027967239255016,1.911821222305298,0.032737265343553694,1000,2,3,40,False,"{'n_estimators': 1000, 'min_samples_split': 2, 'min_samples_leaf': 3, 'max_depth': 40, 'bootstrap': False}",-7.898295006561723,-7.618263087673457,-7.767664652706204,-7.660369502384201,-7.598379373959161,-7.708594324656948,0.11145254917363222,77,-3.818843410319654,-3.6806923265620437,-3.6477703310457374,-3.6755940718758304,-3.6940655669786313,-3.703393141356379,0.05966201560562575
86,1583.2700778007506,24.42196332836038,1.8816717147827149,0.07824006420125652,1000,6,1,40,True,"{'n_estimators': 1000, 'min_samples_split': 6, 'min_samples_leaf': 1, 'max_depth': 40, 'bootstrap': True}",-6.83534166679827,-6.729893758253949,-6.753599871457582,-6.817122481773619,-6.74953904535756,-6.777099364728196,0.041313877375143235,11,-3.763525591147571,-3.889279443414293,-3.8120506047444445,-3.8140942090016257,-3.846235582893335,-3.825037086240253,0.041589700667509874
87,1869.9985867023468,18.230129089480034,1.890744113922119,0.05466541380923693,1000,10,4,90,False,"{'n_estimators': 1000, 'min_samples_split': 10, 'min_samples_leaf': 4, 'max_depth': 90, 'bootstrap': False}",-7.714825268179399,-7.526191626131586,-7.839119406005322,-7.511513954794669,-7.605050769912058,-7.639340205004606,0.12322957471132519,60,-4.21674136475735,-4.204703996080857,-4.267974150592099,-4.188019281373661,-4.2526486762541795,-4.2260174938116295,0.02984545804880467
88,270.27188606262206,5.628005810692587,0.6055979251861572,0.015116628808924873,1000,10,4,10,False,"{'n_estimators': 1000, 'min_samples_split': 10, 'min_samples_leaf': 4, 'max_depth': 10, 'bootstrap': False}",-8.354721465159603,-8.210990528827468,-8.131148269054691,-8.302888209147632,-8.282099932671956,-8.25636968097227,0.07776729675252439,95,-8.04946298031084,-8.036793150488192,-7.978474738287188,-8.02680265067193,-8.035445266333895,-8.025395757218408,0.024550705899923725
89,404.617876291275,5.813648215994471,0.37199106216430666,0.01836154608487755,200,10,3,90,False,"{'n_estimators': 200, 'min_samples_split': 10, 'min_samples_leaf': 3, 'max_depth': 90, 'bootstrap': False}",-7.8359577856249265,-7.566920818114288,-7.680627487868663,-7.524853302115752,-7.563644762809983,-7.634400831306722,0.11342199449166733,54,-3.9522630390195594,-3.905157291028116,-3.966574839680615,-3.9033400710940453,-3.9656783079763,-3.938602709759727,0.028510287218415014
90,364.999599981308,4.628920430672473,0.41741042137145995,0.00774728545109325,200,6,1,80,True,"{'n_estimators': 200, 'min_samples_split': 6, 'min_samples_leaf': 1, 'max_depth': 80, 'bootstrap': True}",-6.746517791429554,-6.625615078585409,-6.666844828044577,-6.7016666150152195,-6.639127297058611,-6.675954322026675,0.04384877946704354,3,-3.223545274950641,-3.2517580626744116,-3.2504771162031187,-3.2237052126263315,-3.2463343365982213,-3.2391640006105447,0.012813503962896586
91,2479.5590383052827,28.05134689079431,3.2199283599853517,0.053177391279354745,1200,6,4,80,False,"{'n_estimators': 1200, 'min_samples_split': 6, 'min_samples_leaf': 4, 'max_depth': 80, 'bootstrap': False}",-7.692171827742071,-7.601369980787804,-7.834437635730555,-7.587486102952403,-7.653720521195089,-7.673837213681584,0.08859046124622602,72,-3.998738260004691,-3.9623620708517246,-4.027142676891509,-3.954424742698271,-4.01994342104612,-3.9925222342984634,0.029496405980829032
92,1941.9450651645661,7.19074853533751,3.0742143630981444,0.10646503422620261,1200,6,3,60,True,"{'n_estimators': 1200, 'min_samples_split': 6, 'min_samples_leaf': 3, 'max_depth': 60, 'bootstrap': True}",-6.972114371133138,-6.8096686872358,-6.906842911453034,-6.936419688697891,-6.866219801524358,-6.898253092008844,0.05631925269930866,14,-4.128339912536909,-4.143659785463764,-4.154739974374256,-4.12018798387874,-4.159396138346216,-4.141264758919977,0.015015635875631596
93,1177.0831878185272,8.562156647357108,1.4279592037200928,0.08042202472915196,800,6,4,100,True,"{'n_estimators': 800, 'min_samples_split': 6, 'min_samples_leaf': 4, 'max_depth': 100, 'bootstrap': True}",-7.0770248197201076,-6.895691395819597,-7.007836565815539,-7.032990294420701,-6.975707645238086,-6.997850144202806,0.0608767412873914,26,-4.6538253959324445,-4.668714034848751,-4.679961333215286,-4.642677753575514,-4.685180008098892,-4.666071705134177,0.01588886386962207
94,1614.1380178451539,18.213540517370806,1.5524821758270264,0.0677846459931391,800,6,4,100,False,"{'n_estimators': 800, 'min_samples_split': 6, 'min_samples_leaf': 4, 'max_depth': 100, 'bootstrap': False}",-7.692027363979327,-7.601036572346776,-7.835362089440766,-7.5868020895560795,-7.654537651171024,-7.673953153298795,0.08907145353063436,73,-3.9987646941230715,-3.9625130777135107,-4.027252447083046,-3.954304859018725,-4.019958299687346,-3.99255867552514,0.029526273998406315
95,2935.97794175148,44.974131743913915,2.9795180320739747,0.14037376772164928,1200,10,1,60,False,"{'n_estimators': 1200, 'min_samples_split': 10, 'min_samples_leaf': 1, 'max_depth': 60, 'bootstrap': False}",-7.539519451127705,-7.439408927682913,-7.630410018990896,-7.480567289407295,-7.419428389870086,-7.501866815415779,0.07627821145792443,51,-2.7166984862642445,-2.7210621316373653,-2.700023481004065,-2.8458527671014338,-2.731283915965326,-2.742984156394487,0.05241369658500826
96,352.4721164226532,22.53984618003542,0.46080784797668456,0.02278201764444259,400,2,3,20,False,"{'n_estimators': 400, 'min_samples_split': 2, 'min_samples_leaf': 3, 'max_depth': 20, 'bootstrap': False}",-7.954317961142859,-7.655854318053878,-7.717984360491998,-7.737369795549319,-7.880029438804406,-7.789111174808492,0.11050158088781728,85,-6.327891394268589,-6.394897955300569,-5.979786200643297,-6.184743178199034,-6.291927764365312,-6.23584929855536,0.14497804149148527
97,321.62218194007875,6.533305361944047,0.759685468673706,0.09665603554135707,1200,2,4,10,False,"{'n_estimators': 1200, 'min_samples_split': 2, 'min_samples_leaf': 4, 'max_depth': 10, 'bootstrap': False}",-8.349695218004303,-8.216280776767592,-8.12745328951214,-8.310596388986326,-8.280649690764703,-8.256935072807014,0.07805724628460728,97,-8.045287874511235,-8.025791761181999,-7.968948130724468,-8.017156514800954,-8.026338794622301,-8.01670461516819,0.025586255571316597
98,921.934911441803,18.399409667450538,1.171580171585083,0.026748438299557403,800,6,4,30,True,"{'n_estimators': 800, 'min_samples_split': 6, 'min_samples_leaf': 4, 'max_depth': 30, 'bootstrap': True}",-7.2113636215595545,-7.057911288784503,-7.116869319907345,-7.169504369890772,-7.110334841967377,-7.133196688421911,0.052698112972429094,39,-5.2706243651333375,-5.396501343002129,-5.311561397572469,-5.3261037308931005,-5.347851126330204,-5.330528392586248,0.04152186009073009
99,1101.9573956012725,26.11949820939955,0.9767065525054932,0.02209814840034158,600,10,3,100,False,"{'n_estimators': 600, 'min_samples_split': 10, 'min_samples_leaf': 3, 'max_depth': 100, 'bootstrap': False}",-7.835661791899222,-7.567027981428113,-7.681684179216646,-7.52464739702239,-7.563334491764097,-7.634471168266093,0.11346982538605205,55,-3.952228926074016,-3.903917742668191,-3.965845702737976,-3.903534446203827,-3.9653863603330453,-3.938182635603411,0.028555791409006118
